date,followers,username,tweet,lat,lon
Tue Jul 12 11:03:48 PDT 2016,112,Pavel Prikhodko,–ü–µ—Ä–≤–æ–µ –º–µ—Å—Ç–æ –≤ —Ç—É—Ä–∏—Å—Ç–∏—á–µ—Å–∫–æ–π –ø—Ä–æ–≥—Ä–∞–º–º–µ - –ö—Ä–µ–º–ª—å üè∞ First place in the tourist program - the‚Ä¶ https://t.co/4JzuHMEFNB,55.7547,37.62143
Sun Jul 10 13:20:51 PDT 2016,211,Chef Michelle,Playing tourist today #redsquare @ Red Square, Moscow (–ö—Ä–∞—Å–Ω–∞—è –ø–ª–æ—â–∞–¥—å, –ú–æ—Å–∫–≤–∞) https://t.co/5MxUxS2R7H,55.7547,37.62143
Thu Jul 07 08:08:18 PDT 2016,252,T√∂m Z√èngst√´r,The #Beauty of The Red Square #moscow #moskau #tourist #russia @ Red Square https://t.co/dsNTZy5qqs,55.75531,37.61782
Wed Jul 06 11:17:14 PDT 2016,40,marvYnBoatswain,After full day of lecturing, taking some time out to tourist around #Moscow City. @ Gorky Park‚Ä¶ https://t.co/n316TqowcM,55.73117,37.6032
Tue Jul 12 12:48:21 PDT 2016,58,Nina Smolnikova,"Best wishes..."üì¨üìù It's sooo cool to get a signed photo from a star! After a shitty week this is‚Ä¶ https://t.co/8q6BYcNmg4,55.7522,37.6156
Thu Jul 07 19:42:48 PDT 2016,66,Samson_Moi,‚Ä¢back to back‚Ä¢ #travel #traveling #TFLers #vacation #visiting #instatravel #instago #instagood‚Ä¶ https://t.co/NjC6G3X1LQ,55.40861,37.906113
Tue Jul 05 05:58:15 PDT 2016,122,skaynastya,–∫—Ä—èüåè #travel#vacation#visiting#holiday#sun#tourism#traveling#mytravelgramanimal#bird#water#river#‚Ä¶ https://t.co/NMq0vvAYJ5,56.30929,38.13381
Tue Jul 05 02:22:40 PDT 2016,28,NCLnnR.,‚òÅÔ∏è‚òÄÔ∏è #travel #traveling #vacation #visiting  #trip #holiday #photooftheday #fun #travelling‚Ä¶ https://t.co/YlKDeoX4gf,55.75,37.61667
Tue Jul 12 14:35:42 PDT 2016,47,Ann,Amazing üòå #vsco #vscogood #vscocam #river #summer #supsurf @ –ê–Ω–≥—Å—Ç—Ä–µ–º, –ó–µ–ª–µ–Ω–æ–≥—Ä–∞–¥ https://t.co/SAPfzLdlZl,55.978245,37.161392
Tue Jul 12 06:32:10 PDT 2016,480,Kosma Solarius,On the beach at Moscow river. Seems like a perfect done for a gong event) @ Moscow, Russia https://t.co/imQpHIJ14v,55.7522,37.6156
Tue Jul 12 03:26:03 PDT 2016,82,Daria Iva,Beautiful day next to the Moscow-river @ –ú—É–∑–µ–æ–Ω –ü–∞—Ä–∫ –ò—Å–∫—É—Å—Å—Ç–≤ https://t.co/2IDBKRmniR,55.73628,37.6075
Tue Jul 12 02:43:48 PDT 2016,48,–ï–∫–∞—Ç–µ—Ä–∏–Ω–∞ –£—Ä—è–¥–∫–æ,I'm at –ú–æ—Å–∫–≤–∞-—Ä–µ–∫–∞ / Moscow River in –ú–æ—Å–∫–≤–∞ https://t.co/BdNXodfkw9,55.746914,37.640068
Mon Jul 11 23:50:42 PDT 2016,194,Ekaterina,#–º—ã–±—ã–ª–∏—Å—á–∞—Å—Ç–ª–∏–≤—ã #wewerehappy #river #embankment #—Ä–µ–∫–∞ #–Ω–∞–±–µ—Ä–µ–∂–Ω–∞—è #–≥—Ä–∞—Ñ—Ñ–∏—Ç–∏ #graffiti‚Ä¶ https://t.co/Aj3ossdhlc,55.74791,37.548546
Mon Jul 11 21:35:39 PDT 2016,9566,CrisG¬Æ,#WakeUp #moscow #russia #friend #bridge #river #moments #canon #mex #fromrussiawithlove #blondie‚Ä¶ https://t.co/0lrJZHyGuY,55.7522,37.6156
Mon Jul 11 04:27:33 PDT 2016,47,Ekaterina Selyukova,üå≥üåû  #–æ—Ç–¥—ã—Ö#–ª–µ—Ç–æ#–∂–∞—Ä–∞#—Å–æ–ª–Ω—Ü–µ#—Ä–µ—á–∫–∞#–Ω—Ä–∞–≤–∏—Ç—Å—è#–æ—Ç–¥—ã—Ö–∞–µ–º#—Ö–æ—Ä–æ—à–æ#–≥–æ–ø—Ä–æ#summer#likes#river#relax#–∏—é–ª—å#to‚Ä¶ https://t.co/13KyviuGgw,55.7522,37.6156
Sun Jul 10 22:19:24 PDT 2016,77,Leandro S,Moskov by night  #sunset #river #moscow #beautiful #—Ä–µ–∫–∞ #–º–æ—Å–∫–≤–∞‚Ä¶ https://t.co/MLaAp2BTJz,55.729813,37.60082
Sun Jul 10 14:40:02 PDT 2016,83,·é†·èÜ·é™·é°Y ·éæF ·é™·èû·é¨X,–ö–æ–≥–¥–∞ –Ω–µ—Ç –¥–µ–Ω–µ–≥ –Ω–∞ –ø—É—Ç–µ—à–µ—Å—Ç–≤–∏—è, –ø—Ä–∏—Ö–æ–¥–∏—Ç—å—Å—è –≤—ã–∫—Ä—É—á–∏–≤–∞—Ç—å—Å—è üì∏üèù @ Nara River https://t.co/GrStdsY6YK,54.883335,37.416668
Sun Jul 10 06:48:13 PDT 2016,142,barhatov.com,Moscow. View of the Kremlin and Moscow-River, from the Great Stone Bridge com.tmshv.agents.core.Camera: Canon EOS‚Ä¶ https://t.co/5ZzzSNdisQ,55.746666,37.61222
Sun Jul 10 05:58:44 PDT 2016,322,Don Craig,I'm at –ú–æ—Å–∫–≤–∞-—Ä–µ–∫–∞ / Moscow River in –ú–æ—Å–∫–≤–∞ https://t.co/m6joaQCFYK,55.746914,37.640068
Sun Jul 10 04:00:50 PDT 2016,110,Yaroslav Rymsho,I'm at –ú–æ—Å–∫–≤–∞-—Ä–µ–∫–∞ / Moscow River in –ú–æ—Å–∫–≤–∞ https://t.co/ykFPLwbfRx,55.746914,37.640068
Sat Jul 09 09:03:09 PDT 2016,71,Daria Ukruzhskaya,–•–æ—Ä–æ—à–∏–π –¥–µ–Ω—å ‚ò∫Ô∏è‚õ¥ #–º–æ—Å–∫–≤–∞ #—Ä–∞–º–Ω #moscow#russia #river #sky @ Gorky Park (Moscow) https://t.co/Crs3CTz72T,55.73117,37.6032
Sat Jul 09 04:03:31 PDT 2016,285,Denis Filonov,Moscow river. #–º–æ—Å–∫–≤–∞ #—Ä–µ–∫–∞ #river #moscow @ –ù–∞–±–µ—Ä–µ–∂–Ω–∞—è –í–æ—Ä–æ–±—å–µ–≤—ã—Ö –ì–æ—Ä https://t.co/uhp6f4TbaD,55.726616,37.54255
Sat Jul 09 02:37:53 PDT 2016,17,calain,Morning run along the Moskva River - taking it an an easy 7km and pace just to clear the alcohol‚Ä¶ https://t.co/qPglgzxvZW,55.71925,37.5564
Fri Jul 08 12:06:21 PDT 2016,133,Aleksey Makeev,#Moscow #Russia #summer #july #sunset #citylife #park #river #nature #vsco #instalike #sony‚Ä¶ https://t.co/PX8fxOJbz3,55.73559,37.454826
Fri Jul 08 11:27:11 PDT 2016,77,Leandro S,Sightseeing from the boat  #niceview #cremlin #river #moskov‚Ä¶ https://t.co/iE14V8Dk9t,55.75491,37.617207
Tue Jul 12 11:55:24 PDT 2016,132,Elena Lester,You're perfect.  #moscow #russia #sunset #bridge #summertime #july #vsco #vscocam #vscomoscow‚Ä¶ https://t.co/AiuTnKQJ3j,55.743332,37.60889
Tue Jul 12 11:40:30 PDT 2016,1530,–î–µ–Ω–∏—Å –ö–æ–º–∏–ª–∞–≤–æ—á–Ω–∏–∫–æ–≤,–õ–µ—Ç–Ω–∏–µ –∑–∞–∫–∞—Ç—ã ‚Äì —ç—Ç–æ —á—Ç–æ-—Ç–æ –Ω–µ–≤–µ—Ä–æ—è—Ç–Ω–æ–µ ‚òÄÔ∏è @ Patriarshy Bridge https://t.co/Aw0Rw9INHl,55.743332,37.60889
Tue Jul 12 02:50:13 PDT 2016,56,Ksenia Kovalenko,#–≤–µ—á–µ—Ä #–∞—Ç–º–æ—Å—Ñ–µ—Ä–∞ #–∞—Ä—Ö–∏–≤—ã #—è–ª—é–±–ª—é–º–æ—Å–∫–≤—É #–±–µ–∑—Ñ–∏–ª—å—Ç—Ä–∞ #nofilter @ Patriarshy Bridge https://t.co/Ec45uqMA7c,55.743332,37.60889
Mon Jul 11 22:53:39 PDT 2016,820,Anton Kuznetsov,üòä @ Bolshoy Moskvoretsky Bridge https://t.co/qXB8a1lTxH,55.74917,37.624443
Mon Jul 11 21:35:39 PDT 2016,9566,CrisG¬Æ,#WakeUp #moscow #russia #friend #bridge #river #moments #canon #mex #fromrussiawithlove #blondie‚Ä¶ https://t.co/0lrJZHyGuY,55.7522,37.6156
Mon Jul 11 13:44:08 PDT 2016,922,R U MINE?,üí•üí•üí• @ Patriarshy Bridge https://t.co/SER5kvOU7x,55.743332,37.60889
Mon Jul 11 07:07:33 PDT 2016,2498,Yanchel,–ë—å—é—Ç–∏—Ñ—É–ªüåá @ Patriarshy Bridge https://t.co/vEp8C9gM1Y,55.743332,37.60889
Mon Jul 11 03:09:01 PDT 2016,154,Glav4eg,#vsco #vscocam #vscorussia #girl #moscow #–º–æ—Å–∫–≤–∞ #bridge #wind #people_sp @ –ë–µ—Ä—Å–µ–Ω–µ–≤—Å–∫–∞—è –ù–∞–±. https://t.co/VCfHhp24QC,55.74364,37.6096
Sun Jul 10 13:30:28 PDT 2016,163,irishqa,I'm at Patriarshiy Bridge in –ú–æ—Å–∫–≤–∞ https://t.co/JMhf2jicfP,55.743443,37.60854
Sun Jul 10 12:28:16 PDT 2016,154,Glav4eg,#vsco #vscocam #vscorussia #girl #moscow #–º–æ—Å–∫–≤–∞ #bridge @ –ë–µ—Ä—Å–µ–Ω–µ–≤—Å–∫–∞—è –ù–∞–±. https://t.co/5S4aPT6obv,55.74364,37.6096
Sun Jul 10 10:09:46 PDT 2016,154,Glav4eg,#vscocam #vsco #vscorussia #girl #people_sp #moscow #–º–æ—Å–∫–≤–∞ #bridge #smile #jump #run #wind @‚Ä¶ https://t.co/dhrMLU1hZO,55.74364,37.6096
Sun Jul 10 06:48:13 PDT 2016,142,barhatov.com,Moscow. View of the Kremlin and Moscow-River, from the Great Stone Bridge com.tmshv.agents.core.Camera: Canon EOS‚Ä¶ https://t.co/5ZzzSNdisQ,55.746666,37.61222
Sat Jul 09 14:42:21 PDT 2016,154,Glav4eg,#vsco #vscocam #vscorussia #girl #moscow #–º–æ—Å–∫–≤–∞ #bridge @ –ë–µ—Ä—Å–µ–Ω–µ–≤—Å–∫–∞—è –ù–∞–±. https://t.co/I6PlAD90zh,55.74364,37.6096
Sat Jul 09 13:58:08 PDT 2016,808,Dariya Shubina,–ö–∞–∫ –Ω–∏ —Å—Ç—Ä–∞–Ω–Ω–æ –∑–≤—É—á–∏—Ç, –Ω–æ –∑–∞–º–µ—á–∞—Ç–µ–ª—å–Ω–∞—è –ø–µ—Å–Ω—è under the bridge‚Ä¶ https://t.co/5zuNLilmlb,55.818005,37.44066
Sat Jul 09 13:35:52 PDT 2016,266,konstantino99,Bridge for lovers @ Tretyakov Gallery https://t.co/eAQms2K3pQ,55.74139,37.620277
Sat Jul 09 12:20:45 PDT 2016,2344,–ú–∏—Ö–∞–ª–∏—Ü—ã–Ω,#prisma @ Bolshoy Moskvoretsky Bridge https://t.co/vDdVnRKoow,55.74917,37.624443
Sat Jul 09 10:17:30 PDT 2016,164,–ï–≥–æ—Ä,Just posted a photo @ Patriarshy Bridge https://t.co/oLFk7KsMvS,55.743332,37.60889
Sat Jul 09 08:55:36 PDT 2016,284,–û–ª–µ–Ω–∞,–û–±–ª–∞–∫–∞ —Å–µ–≥–æ–¥–Ω—è —Å–æ–≤—Å–µ–º —Ä—è–¥–æ–º üòç @ Zhivopisny Bridge https://t.co/nO2k3znkoP,55.77639,37.443054
Sat Jul 09 08:31:14 PDT 2016,179,–ò–ª—å—è –®–∞—Ñ,Looks like there is a lil bit of hip hop under the bridge...#Moscow #graffiti #breakdance‚Ä¶ https://t.co/GYUM4EGMyH,55.73628,37.6075
Sat Jul 09 03:29:38 PDT 2016,154,Glav4eg,#vsco #vscocam #vscorussia #girl #moscow #–º–æ—Å–∫–≤–∞ #bridge #people_sp @ –ë–µ—Ä—Å–µ–Ω–µ–≤—Å–∫–∞—è –ù–∞–±. https://t.co/Z8Bi6WhpPU,55.74364,37.6096
Fri Jul 08 12:17:28 PDT 2016,4204,–ù–µ –≤–∞—Ä–∏–∞–Ω—Ç.,üåø @ Patriarshy Bridge https://t.co/vC1TFCD3QF,55.743332,37.60889
Fri Jul 08 05:24:45 PDT 2016,332,Omar Bk ÿπŸÖÿ± ÿ®ŸÜ ÿÆÿØŸäŸá,mOscOw by day ! why nOt ? #mymoscow #omarbk #whynOt @ Patriarshy Bridge https://t.co/ql16IQPL6z,55.743332,37.60889
Fri Jul 08 02:14:07 PDT 2016,85,V A L E R Y ‚òÄÔ∏è,Just posted a photo @ Patriarshy Bridge https://t.co/lXn85uUDCQ,55.743332,37.60889
Fri Jul 08 00:05:40 PDT 2016,138,–ü–∞–≤–µ–ª –ö–æ—á–µ—Ç–æ–≤,–í—á–µ—Ä–∞—à–Ω–∏–π –≤–µ—á–µ #cloud #clouds #bridge #road #evening #cars #car #traffic #iphone #iphonephoto‚Ä¶ https://t.co/jxVBH6uvA6,55.77639,37.443054
Thu Jul 07 14:01:55 PDT 2016,154,Glav4eg,#vscocam #vsco #vscorussia #girl #moscow #–º–æ—Å–∫–≤–∞ #wind #bridge #people_sp @ –ë–µ—Ä—Å–µ–Ω–µ–≤—Å–∫–∞—è –ù–∞–±. https://t.co/KgqON6AMey,55.74364,37.6096
Thu Jul 07 11:03:15 PDT 2016,78,–±–µ–∑—ã–º—è–Ω–Ω—ã–π –ø–æ–¥—Ä–æ—Å—Ç–æ–∫,–º–æ—è‚ù§Ô∏è @ –ü–æ–¥ –ú–æ—Å—Ç–æ–º / Under The Bridge https://t.co/9UUaLg7ugh,55.713863,37.5637
Thu Jul 07 10:53:54 PDT 2016,262,Anna Geletiy,–°–Ω–æ–≤–∞ –Ω–µ–±–æ –Ω–∞–¥ –ú–æ—Å–∫–≤–æ–π –ø–æ—Ä–∞–∂–∞–µ—Ç –∫—Ä–∞—Å–æ—Ç–æ–πüòç‚òùüèºÔ∏è #–º–æ—è–º–æ—Å–∫–≤–∞ @ Bolshoy Kamenny Bridge https://t.co/NkqnzI2GCb,55.746666,37.61222
Thu Jul 07 10:41:24 PDT 2016,149,Rena Rock,Dejamos nuestro candado üíñüíèüîí @ Luzhkov Bridge https://t.co/WfFTgWZCyC,55.739048,37.618027
Thu Jul 07 09:42:53 PDT 2016,456,Margr√©t Sergesd√≥ttir,–¢–æ–ø–∏–º—Å—è (@ –ù–æ–≤–æ—Å–ø–∞—Å—Å–∫–∏–π –º–æ—Å—Ç / Novospassky Bridge in –ú–æ—Å–∫–≤–∞, –†–æ—Å—Å–∏—è) https://t.co/EsoakoNbki,55.72878,37.654118
Mon Jul 04 14:06:07 PDT 2016,188,Alex,Sight, 2016  You can see my portfolio here: https://t.co/oxUT7X0197  #streetbwcolor‚Ä¶ https://t.co/f3hjKGmVE3,55.74168,37.59878
Tue Jul 12 11:46:34 PDT 2016,1149410,Victoria Daineko,–ú–∞–º–∞ –í–∏–∫–∞ —É—Å—Ç–∞–ª–∞üò¥ MommyV is tired. What an awesome day it was. #—è—Ç–æ–ª—å–∫–æ–ª—É—á—à–µ #nikewomen @ Rocky‚Ä¶ https://t.co/Bj8epRbFxK,55.750206,37.558918
Tue Jul 12 11:29:46 PDT 2016,956,Mau? Mau!,This is fuckin awesome üí•#russia #moscow #macklemore #macklemoreandryanlewis #thriftshop‚Ä¶ https://t.co/dXvdvtemZa,55.72022,37.55588
Tue Jul 12 04:08:07 PDT 2016,936,Lael Goldberg,Lastochka you rocked!!! ü§òüèª Thanks to @_lukeavery for the awesome picture #fender #mesaboogie‚Ä¶ https://t.co/wA9jaB15JT,55.7522,37.6156
Mon Jul 11 12:29:22 PDT 2016,15,–úike,–°–ø–∞—Å–∏–±–æ! üôåüèª –ó–∞–≤—Ç—Ä–∞ —Ç—Ä–∞–Ω—Å–ª—è—Ü–∏—è –≤ 9:00 –∏ –≤ 21:00 –ø–æ –ú—Å–∫ üö® #bigolive #live #life #amazing #awesome‚Ä¶ https://t.co/oN0Vh0vEQQ,55.7522,37.6156
Mon Jul 11 03:34:14 PDT 2016,2433,Talita,#Privet from #Moscow #RedSquare - this is AWESOME @ Red Square, Moscow (–ö—Ä–∞—Å–Ω–∞—è –ø–ª–æ—â–∞–¥—å, –ú–æ—Å–∫–≤–∞) https://t.co/k2M1xW5mdT,55.7547,37.62143
Sun Jul 10 14:08:30 PDT 2016,60,Irina Salamanca,/ This is fucking awesome / –°–µ–≥–æ–¥–Ω—è —è —Ç–æ–ª—å–∫–æ –æ—Ç–æ—à–ª–∞ –æ—Ç –≤—á–µ—Ä–∞—à–Ω–µ–≥–æ, –ø–æ—Ç–æ–º—É —á—Ç–æ —ç—Ç–æ –±—ã–ª–æ –≤–æ–ª—à–µ–±–Ω–æ,‚Ä¶ https://t.co/1LlGKhDZiE,55.71583,37.55361
Sun Jul 10 13:26:00 PDT 2016,192,–ö—É–∫–∏—Ç–º–∞–Ω,THIS IS FCKNG AWESOME #Repost skoheaven with repostapp „Éª„Éª„Éª –ù–µ –≥–æ–≤–æ—Ä–∏, —á—Ç–æ –Ω–µ –∑–Ω–∞–µ—à—å —ç—Ç—É –ø–µ—Å–Ω—é.‚Ä¶ https://t.co/dGUD6qDfGM,55.71583,37.55361
Sun Jul 10 13:23:36 PDT 2016,754,Lada S. Eliseeva,This adidas design concept is awesome! Private feelings! üòç #LadaEliseeva @ Moscow, Russia https://t.co/aYaYyxehyX,55.7522,37.6156
Sun Jul 10 00:43:07 PDT 2016,506,Zoe,@NBThieves you guys were so awesome üíô thanks! Come back to Russia üòâ,55.784138,37.475124
Sat Jul 09 16:15:02 PDT 2016,73,Gam || 4LH || Drum,THIS IS FCKN AWESOME! ‚úä#macklemore #lastochka #popfarm @ –õ—É–∂–Ω–∏–∫–∏, –ú–æ—Å–∫–≤–∞ https://t.co/YMJ2IFaALr,55.810173,37.7049
Sat Jul 09 14:39:01 PDT 2016,110,Yaroslav Rymsho,RHCP –ü–†–û–°–¢–û –ë–û–ú–ë–ò–ß–ï–°–ö–ò–ï!!! #—Ñ–∞–Ω–∑–æ–Ω–∞ #rhcp #parklive #crazy #red #hot #chili #peppers #awesome‚Ä¶ https://t.co/ytzY9uwMiI,55.817825,37.44029
Sat Jul 09 13:51:58 PDT 2016,100,–ê–ª–µ–∫—Å–∞–Ω–¥—Ä–∞ –ü–µ—Ç—Ä–∏–∫–æ–≤–∞,09.07.2016. Macklemore & Ryan Lewis. –õ–∞—Å—Ç–æ—á–∫–∞. –õ—É–∂–Ω–∏–∫–∏. It's fucking awesome show. I'm very‚Ä¶ https://t.co/ar7aSL2jv3,55.72022,37.55588
Sat Jul 09 13:21:33 PDT 2016,123,—ç—ç—Å—Ç–∏ –ø–∞–ª—å–º–∞,THIS WAS FUCKING AWESOME @ –û–ª–∏–º–ø–∏–π—Å–∫–∏–π –∫–æ–º–ø–ª–µ–∫—Å "–õ—É–∂–Ω–∏–∫–∏"/Luzhniki Olympic Complex https://t.co/SoRfAtdVYK,55.71794,37.549965
Sat Jul 09 11:50:51 PDT 2016,866,Matt Marsh,Awesome feeling to meet the greatest golfer of all time today, discussing his finest moments on‚Ä¶ https://t.co/cTw4s1QJ7s,55.69388,37.381756
Sat Jul 09 04:45:36 PDT 2016,71,Anastasie Vitt,SO AWESOME GUYS üíò @ Moscow, Russia https://t.co/AUE5oecCP0,55.7522,37.6156
Fri Jul 08 13:49:35 PDT 2016,15,–úike,–ó–∞–≤—Ç—Ä–∞ —Ç—Ä–∞–Ω—Å–ª—è—Ü–∏—è –≤ 9:00 –ø–æ –ú—Å–∫ üö® #bigolive #live #life #amazing #awesome #wave #groove #world‚Ä¶ https://t.co/62kVdqJsc5,55.7522,37.6156
Fri Jul 08 11:45:21 PDT 2016,20,Michael Pilikyan,restaurantblackthai #blackthai #niggasbelike #partyhard #best #party #awesome #amazing‚Ä¶ https://t.co/LG18I0YBTR,55.76703,37.60782
Fri Jul 08 11:42:19 PDT 2016,20,Michael Pilikyan,#happiness #moscow #niggasbelike #partyhard #best #party #awesome #amazing #beautiful #cute‚Ä¶ https://t.co/nxDf9P70P6,55.76703,37.60782
Fri Jul 08 09:46:12 PDT 2016,20,Michael Pilikyan,#moscow #football #niggasbelike #partyhard #best #party #awesome #amazing #beautiful #cute‚Ä¶ https://t.co/wqllU0K59m,55.76225,37.62217
Fri Jul 08 09:43:20 PDT 2016,20,Michael Pilikyan,#moscow #football #pub #niggasbelike #partyhard #best #party #awesome #amazing #beautiful #cute‚Ä¶ https://t.co/4pQf4k3WqV,55.76225,37.62217
Fri Jul 08 09:32:52 PDT 2016,20,Michael Pilikyan,#moscow #festival #niggasbelike #partyhard #best #party #awesome #amazing #beautiful #cute‚Ä¶ https://t.co/pPHpFnLfKW,55.7522,37.6156
Fri Jul 08 09:29:18 PDT 2016,20,Michael Pilikyan,#moscow #festival #niggasbelike #partyhard #best #party #awesome #amazing #beautiful #cute‚Ä¶ https://t.co/ciR6079MKT,55.7522,37.6156
Thu Jul 07 06:40:32 PDT 2016,156,Christina Lapitskaya,–£ —Å—á–∞—Å—Ç—å—è - —Å–ª–∞–¥–∫–∏–π –≤–∫—É—Å ‚ò∫Ô∏è üç≠üçÆüç¨üç´üç° #tagsapp #l4l #awesome #nutella #rafaello #ferrerorocher #star‚Ä¶ https://t.co/lkDC8Gdtb9,55.771667,37.620556
Wed Jul 06 18:04:39 PDT 2016,3369,The Best Ninja Tiger,#—Ñ–æ—Ç–æ–¥–Ω—è #vidoftheday #videooftheday #best #amazing #awesome #show #workout #love #look‚Ä¶ https://t.co/vpl8M00FLv,55.65277,37.76703
Wed Jul 06 15:33:56 PDT 2016,3369,The Best Ninja Tiger,Over the pit in 2 jumps #—Ñ–æ—Ç–æ–¥–Ω—è #vidoftheday #videooftheday #best #amazing #awesome #show‚Ä¶ https://t.co/4f4bWjPoJY,55.65277,37.76703
Wed Jul 06 09:37:17 PDT 2016,188,Alexey | Makarov,Awesome place üí® @ HookahPlace RoofTop / Kuznetsky Most / KM https://t.co/AyrqwxNqoV,55.76248,37.62051
Wed Jul 06 03:15:11 PDT 2016,348,Brandon Boyd,Have to admit, the old Soviet symbol is quite awesome. @ –ú—É–∑–µ–æ–Ω –ü–∞—Ä–∫‚Ä¶ https://t.co/6TwiQGEwUP,55.73628,37.6075
Tue Jul 05 12:19:22 PDT 2016,95,QieMie,Gegadis senior pulun yang super awesome posem baboom kebaboom‚Ä¶ https://t.co/8YCruQR2wN,55.72032,37.516476
Mon Jul 04 02:42:26 PDT 2016,35302,–°—Ç–∞–Ω–∏—Å–ª–∞–≤ –ê–Ω–∏—Å–∏–º–æ–≤,#geometry of this building is awesome @ –¢–µ–ª–µ—Ü–µ–Ω—Ç—Ä "–û—Å—Ç–∞–Ω–∫–∏–Ω–æ" https://t.co/rsIQ9UtIq5,55.822163,37.606327
Sun Jul 03 16:45:21 PDT 2016,63,Porcelain Doll,One more time this awesome place with the most awesome ppl!‚ù§  #radisson #yacht #yachtparty‚Ä¶ https://t.co/vxM7IfnIIx,55.729614,37.596764
Tue Jul 12 11:24:18 PDT 2016,112,Pavel Prikhodko,–°–∏—Ä–µ–Ω–µ–≤—ã–π –∑–∞–∫–∞—Ç üå∏ Purple sunset @ Cathedral of Christ the Saviour https://t.co/T7DAufle91,55.744446,37.605556
Tue Jul 12 07:38:22 PDT 2016,196,yyy,–•—Ä–∞–º. #–º–æ—Å–∫–≤–∞ #moscow @ Cathedral of Christ the Saviour https://t.co/qS3wCcBohr,55.744446,37.605556
Mon Jul 11 12:24:20 PDT 2016,3093,–ê–Ω–¥—Ä–µ–π –ó–∞–≥—É–¥–∞–µ–≤,#moscow @ Saint Basil's Cathedral https://t.co/ngZgHuIEn9,55.7525,37.623055
Mon Jul 11 11:08:03 PDT 2016,239,Jake Green,Just posted a photo @ Cathedral of Christ the Saviour https://t.co/pXt3NOfhGT,55.744446,37.605556
Mon Jul 11 10:33:06 PDT 2016,178,Jose Ernesto Luevano,Finalmente en Mosc√∫ üïåüá∑üá∫ #Moscow #Mockba #saintbasilscathedral #Russia @ Saint Basil's Cathedral https://t.co/3Ofz4qnx6n,55.7525,37.623055
Mon Jul 11 08:04:09 PDT 2016,173,Salman,The Dormition Cathedral (Assumption Cathedral) @ Moscow Kremlin https://t.co/27xLwIX6Mf,55.751667,37.61778
Mon Jul 11 07:43:43 PDT 2016,169,SvetlanaSmith,LOVE ALL THIS STUFF ‚ù§  #Moscow #Monday @ Cathedral of Christ the Saviour https://t.co/4vkPIJPXBw,55.744446,37.605556
Mon Jul 11 07:18:11 PDT 2016,1705,NEBO,video from https://t.co/X8CBtg6lAH | The Cathedral of Christ the Savior was built as gratitude to the‚Ä¶ https://t.co/kpIHTsPh66,55.744446,37.605556
Mon Jul 11 01:05:32 PDT 2016,31671,MissMAYPAWEESUDA,Saint Basil's Cathedral üïå @ Red Square, Moscow (–ö—Ä–∞—Å–Ω–∞—è –ø–ª–æ—â–∞–¥—å, –ú–æ—Å–∫–≤–∞) https://t.co/9vRARt7ruN,55.7547,37.62143
Mon Jul 11 01:00:25 PDT 2016,1705,NEBO,photo from luxboom.ru | The Cathedral of Christ the Savior was built as gratitude to the‚Ä¶ https://t.co/F8xTds8Shh,55.69094,37.59687
Sun Jul 10 23:46:08 PDT 2016,1417,Becca Jones,This place took my breath away.   #Moscow #russia #stbasils @ Saint Basil's Cathedral https://t.co/kH1SF9EQDC,55.7525,37.623055
Sun Jul 10 22:26:21 PDT 2016,402,bernadetta kusuma,Setelah berjuang naik Metro naik turun‚Ä¶ (w/ Alfredo at St. Basil's Cathedral (–•—Ä–∞–º –í–∞—Å–∏–ª–∏—è –ë–ª–∞–∂–µ–Ω–Ω–æ–≥–æ)) [pic] ‚Äî https://t.co/jt3jQ5Ej0x,55.75296,37.62253
Sun Jul 10 22:23:10 PDT 2016,761,alfredo angelus w,Dreams come true üôèüèªüôèüèªüôèüèª (with Bernadetta at St. Basil's Cathedral (–•—Ä–∞–º –í–∞—Å–∏–ª–∏—è –ë–ª–∞–∂–µ–Ω–Ω–æ–≥–æ)) [pic] ‚Äî https://t.co/qxf3wbc3k6,55.75296,37.62253
Sun Jul 10 21:34:37 PDT 2016,2756,Zebulin Miller‚Ñ¢,#Moscow #Russia #saintbasil @ Saint Basil's Cathedral https://t.co/OjO7wrz9VK,55.7525,37.623055
Sun Jul 10 16:48:33 PDT 2016,147,–ù–∞—Å—Ç—è,#–º–æ—Å–∫–≤–∞ @ Cathedral of Christ the Saviour https://t.co/hI5ExnTBmI,55.744446,37.605556
Sun Jul 10 07:51:04 PDT 2016,537,mitnyu,Stunning üïåüá∑üá∫ @ Moscow Cathedral Mosque https://t.co/LkWzeJdGPp,55.779167,37.626945
Sun Jul 10 02:54:22 PDT 2016,151,pirozhochek,I'm at –°–æ–±–æ—Ä–Ω–∞—è –ø–ª–æ—â–∞–¥—å / Cathedral Square in –ú–æ—Å–∫–≤–∞ https://t.co/nIzQ8rWCW1,55.750675,37.617443
Sat Jul 09 11:53:43 PDT 2016,364,Liza Orloff,Just posted a photo @ Cathedral of Christ the Saviour https://t.co/ptP5LtRTz2,55.744446,37.605556
Sat Jul 09 08:27:48 PDT 2016,429,cap–∏,#tb Ven√§j√§lle (tahdon takaisin) @ St Basil Cathedral, Red Square, Moscow https://t.co/6TB9xqe3Ea,55.787888,37.67894
Sat Jul 09 04:29:22 PDT 2016,580,Em,St. Basil's Cathedral > Cinderella's Castle @ –ö—Ä–∞—Å–Ω–∞—è –ü–ª–æ—â–∞–¥—å –ú–æ—Å–∫–≤–∞ https://t.co/actk13OBtk,55.566566,37.561455
Sat Jul 09 01:06:46 PDT 2016,159,Backpackero,I've always been eager to get in front of this lovely cathedral since ages!! It def looks like a‚Ä¶ https://t.co/33ozdMrIW2,55.7547,37.62143
Sat Jul 09 00:37:22 PDT 2016,1919,Esther,Beautiful frescos inside Our Lady of Smolensk Cathedral in Novodevichy Convent.  Happy Saturday‚Ä¶ https://t.co/BeAG1JXAKT,55.72597,37.556583
Fri Jul 08 23:22:23 PDT 2016,123,Georgina Wheeler,Lovely run in the morning #Moscow #christthesaviour #cathedral @ Cathedral of Christ the Saviour https://t.co/1NtdDuT41b,55.744446,37.605556
Fri Jul 08 12:17:47 PDT 2016,84,–ê–ª–µ–∫—Å–∞–Ω–¥—Ä –•–æ–≤–∞–Ω—Å–∫–∏–π,–Ø –ª—é–±–ª—é –ú–æ—Å–∫–≤—É! #—Ö–æ–≤–∞–Ω—Å–∫–∏–π #–º–æ—Å–∫–≤–∞ @ Moscow Cathedral Mosque https://t.co/hl1ttFLK6h,55.779167,37.626945
Fri Jul 08 12:16:14 PDT 2016,84,–ê–ª–µ–∫—Å–∞–Ω–¥—Ä –•–æ–≤–∞–Ω—Å–∫–∏–π,–Ø –ª—é–±–ª—é –ú–æ—Å–∫–≤—É! #—Ö–æ–≤–∞–Ω—Å–∫–∏–π #–º–æ—Å–∫–≤–∞ @ Moscow Cathedral Mosque https://t.co/vLt7TsMzWz,55.779167,37.626945
Fri Jul 08 05:53:30 PDT 2016,4066,Ben Castle,Obligatory Moscow photo... @ Saint Basil's Cathedral https://t.co/P15yxdbD9j,55.7525,37.623055
Fri Jul 08 04:42:20 PDT 2016,1705,NEBO,photo from silver.ru | The Cathedral of the Mantle of Our Lady on the Canal (colloquial name ‚Äì‚Ä¶ https://t.co/lLbxg1UEwm,55.7525,37.623055
Fri Jul 08 04:19:54 PDT 2016,36,–î–∞—Ä—å—è,Just posted a photo @ Cathedral of Christ the Saviour https://t.co/Kc3j9zVBHa,55.744446,37.605556
Thu Jul 07 13:40:02 PDT 2016,142,Ksenia,–í–∞–∞–∞–∞—Å–µ—á–∫–∞ ‚ù§Ô∏è @ St. Basil's Cathedral - Moscow https://t.co/nGyabgs5kw,55.75368,37.621555
Thu Jul 07 13:16:36 PDT 2016,364,Liza Orloff,It's even better in person !! #bucketlist #moscow #redsquare  #stbasil #cathedral @ Red Square,‚Ä¶ https://t.co/ntJQezwOoG,55.7547,37.62143
Wed Jul 06 23:14:59 PDT 2016,28,Juandiab,Me encanta Moscow üòçüòçüòç #photooftheday #moscow #russia #summer @ Cathedral of Christ the Saviour https://t.co/u8WKKzKACb,55.744446,37.605556
Wed Jul 06 13:32:23 PDT 2016,420,Katya Allegrova,–ù–µ —Ö–æ—á—É –±—ã—Ç—å –≥–æ—Ä–æ–∂–∞–Ω–∏–Ω–æ–º, —Ö–æ—á—É –±—ã—Ç—å —Ç—É—Ä–∏—Å—Ç–æ–º ( @ Saint Basil's Cathedral https://t.co/x5Bgsv4GtN,55.7525,37.623055
Wed Jul 06 06:34:07 PDT 2016,518,Neeraj Khanna,Egos & Icons üì∏ @ Saint Basil's Cathedral https://t.co/XcsfKdSfUM,55.7525,37.623055
Tue Jul 05 13:28:12 PDT 2016,73,Veronika Maraeva,Just posted a photo @ Cathedral of Christ the Saviour https://t.co/vCDUn0buRV,55.744446,37.605556
Tue Jul 05 09:54:09 PDT 2016,1004,elendra,Œëmazing! @ Saint Basil's Cathedral https://t.co/P8vNEG5yOZ,55.7525,37.623055
Tue Jul 05 09:04:36 PDT 2016,103,–°–≤–µ—Ç–ª–∞—è –¥–µ–≤–æ—á–∫–∞‚òÄÔ∏è,–î–æ—Ä–æ–≥–∞ –¥–æ–º–æ–π , –∞ –≤ –≥–æ–ª–æ–≤–µ –æ–±—Ä–∞–∑ –≤–µ–ª–∏—á–µ—Å—Ç–≤–µ–Ω–Ω–æ–≥–æ –•—Ä–∞–º–∞ –•—Ä–∏—Å—Ç–∞ –°–ø–∞—Å–∏—Ç–µ–ª—è! @ Cathedral of Christ‚Ä¶ https://t.co/bYFLXD90A2,55.744446,37.605556
Tue Jul 05 04:47:41 PDT 2016,3418,Pavel Bednyakov,–£—Ä–∞–∑–∞-–±–∞–π—Ä–∞–º @ Moscow Cathedral Mosque https://t.co/utL6igehhv,55.779167,37.626945
Mon Jul 04 07:02:19 PDT 2016,469,NŒõY‚ô°,Just posted a photo @ Moscow Cathedral Mosque https://t.co/VInmABpEh7,55.779167,37.626945
Mon Jul 04 04:22:08 PDT 2016,996,Alexandra Cattoni,Visit Saint Basil's Cathedral in Red Square ‚úîÔ∏è @ Red Square, Moscow (–ö—Ä–∞—Å–Ω–∞—è –ø–ª–æ—â–∞–¥—å, –ú–æ—Å–∫–≤–∞) https://t.co/spZ2nZ7H8C,55.7547,37.62143
Mon Jul 04 03:09:55 PDT 2016,1886,Franz Orban,Moscow! üíí #moscow #russia #russkie #stbasil #cathedral #redsquare #moscu #kremlin @ Red Square,‚Ä¶ https://t.co/Ea8NdutCpe,55.7547,37.62143
Sun Jul 03 13:15:17 PDT 2016,902,wina,St. Basil üòçüíì @ St Basil Cathedral, Red Square, Moscow https://t.co/LgePf6QmkD,55.788128,37.679348
Sun Jul 03 12:38:00 PDT 2016,902,wina,St. Basil üòç @ St Basil Cathedral, Red Square, Moscow https://t.co/nNKSsrXl5w,55.788128,37.679348
Sun Jul 03 12:15:47 PDT 2016,131550,–ñ–µ–Ω—è –ú–∞–ª–∞—Ö–æ–≤–∞,#–±–æ–≥ –µ—Å—Ç—å . ‚òÑ @ Cathedral of Christ the Saviour https://t.co/8Cimb5UmHP,55.744446,37.605556
Sun Jul 10 19:10:22 PDT 2016,731,AestheticsLab,Moscow #travel #moscow #sightseeing @ Moscow, Russia https://t.co/jndKmbbVNc,55.7522,37.6156
Sun Jul 10 08:14:20 PDT 2016,414,Alya Elouissi,üòä‚òÄ‚òÄüá∑üá∫ #redsquare #moscow #beautiful #city #sightseeing #summer #day #great #time #sun #russia‚Ä¶ https://t.co/twxjrgz0kI,55.7547,37.62143
Fri Jul 08 11:27:11 PDT 2016,77,Leandro S,Sightseeing from the boat  #niceview #cremlin #river #moskov‚Ä¶ https://t.co/iE14V8Dk9t,55.75491,37.617207
